{
    "dt": 5,
    "w_st": [0.46156, 0.4473, 0.69366, 0.50928, 0.5145, 1.13841],
    "gamma": [0.916555, 0.898772, 1.29123, 1.33199, 0.699074, 0.537116],
    "beta": [0.846509, 0.180725, 2.26596, 1.28211, 1.62290, 2.42297],
    "lam": [0.394732, 0.550920, 0.387365, 0.436819, 0.405553, 1.26131],
    "r": [0.383403, 0.648176, 0.0318752, 0.581168, 1.15070, 0.843004],
    "f": [1.0, 1.0, 1.0, 1.0, 1.0, 1.0],
    "corrtime":  [2.76, 2.17, 14.55,  8.37,  6.94]
}