{
    "dt": 5,
    "w_st": [0.46156, 0.4473, 0.69366, 0.50928, 0.5145, 1.13841],
    "gamma": [0.87, 0.67, 1.32, 1.29, 0.69, 0.53],
    "beta": [0.80, 0.18, 2.32, 1.25, 1.6, 2.4],
    "lam": [0.39, 0.46, 0.39, 0.42, 0.41, 1.29],
    "r": [0.39, 0.70, 0.031, 0.58, 1.15, 0.88],
    "f": [1.0, 1.0, 1.0, 1.0, 1.0, 1.0],
    "corrtime":  [2.76, 2.17, 14.55,  8.37,  6.94]
}